Workbook

Sheet Ipoteze & Necesar
B2: ESTIMARE STRUCTURĂ MONTAJ PANOURI FOTOVOLTAICE
B3: Proiect: Parc Fotovoltaic RED INTERNET SALES | cod SMIS 332037 | Albești (Sighișoara), jud. Mureș
B5: Configurație: | C5: C4 + C6, 4 fețe, coplanar 27,5° (module eficiente pe sud)
B6: C4-Nord: | C6: H48 450W · 618 buc (103×6 portret) [fibrociment]
B7: C4-Sud: | C7: D66 710W · 392 buc (49×8 landscape) [fibrociment]
B8: C6-Nord: | C8: H54 500W · 309 buc (103×3 din 5 — parțial) [beton]
B9: C6-Sud: | C9: H48 450W · 618 buc (103×6 portret) [beton]
B10: Total module: | C10: 1937 buc · 989 kWp (≤ 1 MW instalat)
B11: Fixare: | C11: C4 = prezoane fibrociment (1010 mod.) · C6 = ancore beton (927 mod.)
B12: Rezervă liberă: | C12: C6-Nord 2 rânduri + 3 hale mici + ~3490 panouri
B13: ⚠ PREȚURI ORIENTATIVE / ESTIMATIVE — nu sunt oferte ferme (buget comparativ). Fără TVA.
B15: Nr. | C15: Componentă / poziție | D15: UM | E15: Cantitate | F15: Preț unitar bază (orient.) € | G15: Valoare bază €
B16: 1 | C16: Șină de montaj, aluminiu anodizat | D16: m | E16: 5430 | F16: 5 | G16: =E16*F16
B17: 2 | C17: Îmbinare (eclisă) șină | D17: buc | E17: 1190 | F17: 3.5 | G17: =E17*F17
B18: 3 | C18: Clemă intermediară (mid clamp) | D18: buc | E18: 3830 | F18: 2 | G18: =E18*F18
B19: 4 | C19: Clemă de capăt (end clamp) | D19: buc | E19: 92 | F19: 2.5 | G19: =E19*F19
B20: 5 | C20: Prezon fibrociment cu etanșare EPDM (hala C4: D66+H48, 1010 mod.) | D20: buc | E20: 2750 | F20: 5.5 | G20: =E20*F20
B21: 6 | C21: Ancoră în beton + bază etanșată pe membrană (hala C6: H48+H54, 927 mod.) | D21: buc | E21: 1420 | F21: 7 | G21: =E21*F21
B22: 7 | C22: Set șuruburi/piulițe T + accesorii inox A2/A4 | D22: set/modul | E22: 1937 | F22: 1.5 | G22: =E22*F22
B23: 8 | C23: Set împământare / legături echipotențiale | D23: lot | E23: 1 | F23: 2000 | G23: =E23*F23
B24: 9 | C24: Transport la amplasament (Albești, Mureș) | D24: lot | E24: 1 | F24: 2500 | G24: =E24*F24
C25: TOTAL bază (orientativ) | G25: =SUM(G16:G24)

Sheet 1.K2Systems
B2: K2 Systems (DE)
B3: Estimare structură montaj | 1937 module | 989.0 kWp (C4+C6)
B4: Poziționare: Premium; cea mai bună investiție pe termen lung
B5: Prețuri ESTIMATIVE (fără TVA) — de confirmat prin ofertă fermă.
B7: Nr. | C7: Componentă / poziție | D7: UM | E7: Cantitate | F7: Preț unitar est. € | G7: Valoare €
B8: 1 | C8: Șină de montaj, aluminiu anodizat | D8: m | E8: ='Ipoteze & Necesar'!$E$16 | F8: 5.4 | G8: =E8*F8
B9: 2 | C9: Îmbinare (eclisă) șină | D9: buc | E9: ='Ipoteze & Necesar'!$E$17 | F9: 3.78 | G9: =E9*F9
B10: 3 | C10: Clemă intermediară (mid clamp) | D10: buc | E10: ='Ipoteze & Necesar'!$E$18 | F10: 2.16 | G10: =E10*F10
B11: 4 | C11: Clemă de capăt (end clamp) | D11: buc | E11: ='Ipoteze & Necesar'!$E$19 | F11: 2.7 | G11: =E11*F11
B12: 5 | C12: Prezon fibrociment cu etanșare EPDM (hala C4: D66+H48, 1010 mod.) | D12: buc | E12: ='Ipoteze & Necesar'!$E$20 | F12: 5.94 | G12: =E12*F12
B13: 6 | C13: Ancoră în beton + bază etanșată pe membrană (hala C6: H48+H54, 927 mod.) | D13: buc | E13: ='Ipoteze & Necesar'!$E$21 | F13: 7.56 | G13: =E13*F13
B14: 7 | C14: Set șuruburi/piulițe T + accesorii inox A2/A4 | D14: set/modul | E14: ='Ipoteze & Necesar'!$E$22 | F14: 1.62 | G14: =E14*F14
B15: 8 | C15: Set împământare / legături echipotențiale | D15: lot | E15: ='Ipoteze & Necesar'!$E$23 | F15: 2000 | G15: =E15*F15
B16: 9 | C16: Transport la amplasament (Albești, Mureș) | D16: lot | E16: ='Ipoteze & Necesar'!$E$24 | F16: 2500 | G16: =E16*F16
C17: TOTAL ESTIMATIV (fără TVA) | G17: =SUM(G8:G16)
C19: €/modul: | G19: =G17/1937
C20: €/Wp: | G20: =G17/989020

Sheet 2.Schletter
B2: Schletter (DE)
B3: Estimare structură montaj | 1937 module | 989.0 kWp (C4+C6)
B4: Poziționare: Cel mai robust; premium
B5: Prețuri ESTIMATIVE (fără TVA) — de confirmat prin ofertă fermă.
B7: Nr. | C7: Componentă / poziție | D7: UM | E7: Cantitate | F7: Preț unitar est. € | G7: Valoare €
B8: 1 | C8: Șină de montaj, aluminiu anodizat | D8: m | E8: ='Ipoteze & Necesar'!$E$16 | F8: 5.75 | G8: =E8*F8
B9: 2 | C9: Îmbinare (eclisă) șină | D9: buc | E9: ='Ipoteze & Necesar'!$E$17 | F9: 4.02 | G9: =E9*F9
B10: 3 | C10: Clemă intermediară (mid clamp) | D10: buc | E10: ='Ipoteze & Necesar'!$E$18 | F10: 2.3 | G10: =E10*F10
B11: 4 | C11: Clemă de capăt (end clamp) | D11: buc | E11: ='Ipoteze & Necesar'!$E$19 | F11: 2.88 | G11: =E11*F11
B12: 5 | C12: Prezon fibrociment cu etanșare EPDM (hala C4: D66+H48, 1010 mod.) | D12: buc | E12: ='Ipoteze & Necesar'!$E$20 | F12: 6.32 | G12: =E12*F12
B13: 6 | C13: Ancoră în beton + bază etanșată pe membrană (hala C6: H48+H54, 927 mod.) | D13: buc | E13: ='Ipoteze & Necesar'!$E$21 | F13: 8.05 | G13: =E13*F13
B14: 7 | C14: Set șuruburi/piulițe T + accesorii inox A2/A4 | D14: set/modul | E14: ='Ipoteze & Necesar'!$E$22 | F14: 1.72 | G14: =E14*F14
B15: 8 | C15: Set împământare / legături echipotențiale | D15: lot | E15: ='Ipoteze & Necesar'!$E$23 | F15: 2000 | G15: =E15*F15
B16: 9 | C16: Transport la amplasament (Albești, Mureș) | D16: lot | E16: ='Ipoteze & Necesar'!$E$24 | F16: 2500 | G16: =E16*F16
C17: TOTAL ESTIMATIV (fără TVA) | G17: =SUM(G8:G16)
C19: €/modul: | G19: =G17/1937
C20: €/Wp: | G20: =G17/989020

Sheet 3.Renusol
B2: Renusol (DE)
B3: Estimare structură montaj | 1937 module | 989.0 kWp (C4+C6)
B4: Poziționare: Raport calitate/preț foarte bun
B5: Prețuri ESTIMATIVE (fără TVA) — de confirmat prin ofertă fermă.
B7: Nr. | C7: Componentă / poziție | D7: UM | E7: Cantitate | F7: Preț unitar est. € | G7: Valoare €
B8: 1 | C8: Șină de montaj, aluminiu anodizat | D8: m | E8: ='Ipoteze & Necesar'!$E$16 | F8: 4.6 | G8: =E8*F8
B9: 2 | C9: Îmbinare (eclisă) șină | D9: buc | E9: ='Ipoteze & Necesar'!$E$17 | F9: 3.22 | G9: =E9*F9
B10: 3 | C10: Clemă intermediară (mid clamp) | D10: buc | E10: ='Ipoteze & Necesar'!$E$18 | F10: 1.84 | G10: =E10*F10
B11: 4 | C11: Clemă de capăt (end clamp) | D11: buc | E11: ='Ipoteze & Necesar'!$E$19 | F11: 2.3 | G11: =E11*F11
B12: 5 | C12: Prezon fibrociment cu etanșare EPDM (hala C4: D66+H48, 1010 mod.) | D12: buc | E12: ='Ipoteze & Necesar'!$E$20 | F12: 5.06 | G12: =E12*F12
B13: 6 | C13: Ancoră în beton + bază etanșată pe membrană (hala C6: H48+H54, 927 mod.) | D13: buc | E13: ='Ipoteze & Necesar'!$E$21 | F13: 6.44 | G13: =E13*F13
B14: 7 | C14: Set șuruburi/piulițe T + accesorii inox A2/A4 | D14: set/modul | E14: ='Ipoteze & Necesar'!$E$22 | F14: 1.38 | G14: =E14*F14
B15: 8 | C15: Set împământare / legături echipotențiale | D15: lot | E15: ='Ipoteze & Necesar'!$E$23 | F15: 2000 | G15: =E15*F15
B16: 9 | C16: Transport la amplasament (Albești, Mureș) | D16: lot | E16: ='Ipoteze & Necesar'!$E$24 | F16: 2500 | G16: =E16*F16
C17: TOTAL ESTIMATIV (fără TVA) | G17: =SUM(G8:G16)
C19: €/modul: | G19: =G17/1937
C20: €/Wp: | G20: =G17/989020

Sheet 4.VanderValk
B2: Van der Valk (NL)
B3: Estimare structură montaj | 1937 module | 989.0 kWp (C4+C6)
B4: Poziționare: Foarte bun, mai rar în RO
B5: Prețuri ESTIMATIVE (fără TVA) — de confirmat prin ofertă fermă.
B7: Nr. | C7: Componentă / poziție | D7: UM | E7: Cantitate | F7: Preț unitar est. € | G7: Valoare €
B8: 1 | C8: Șină de montaj, aluminiu anodizat | D8: m | E8: ='Ipoteze & Necesar'!$E$16 | F8: 5.1 | G8: =E8*F8
B9: 2 | C9: Îmbinare (eclisă) șină | D9: buc | E9: ='Ipoteze & Necesar'!$E$17 | F9: 3.57 | G9: =E9*F9
B10: 3 | C10: Clemă intermediară (mid clamp) | D10: buc | E10: ='Ipoteze & Necesar'!$E$18 | F10: 2.04 | G10: =E10*F10
B11: 4 | C11: Clemă de capăt (end clamp) | D11: buc | E11: ='Ipoteze & Necesar'!$E$19 | F11: 2.55 | G11: =E11*F11
B12: 5 | C12: Prezon fibrociment cu etanșare EPDM (hala C4: D66+H48, 1010 mod.) | D12: buc | E12: ='Ipoteze & Necesar'!$E$20 | F12: 5.61 | G12: =E12*F12
B13: 6 | C13: Ancoră în beton + bază etanșată pe membrană (hala C6: H48+H54, 927 mod.) | D13: buc | E13: ='Ipoteze & Necesar'!$E$21 | F13: 7.14 | G13: =E13*F13
B14: 7 | C14: Set șuruburi/piulițe T + accesorii inox A2/A4 | D14: set/modul | E14: ='Ipoteze & Necesar'!$E$22 | F14: 1.53 | G14: =E14*F14
B15: 8 | C15: Set împământare / legături echipotențiale | D15: lot | E15: ='Ipoteze & Necesar'!$E$23 | F15: 2000 | G15: =E15*F15
B16: 9 | C16: Transport la amplasament (Albești, Mureș) | D16: lot | E16: ='Ipoteze & Necesar'!$E$24 | F16: 2500 | G16: =E16*F16
C17: TOTAL ESTIMATIV (fără TVA) | G17: =SUM(G8:G16)
C19: €/modul: | G19: =G17/1937
C20: €/Wp: | G20: =G17/989020

Sheet 5.Esdec
B2: Esdec/Enstall (NL)
B3: Estimare structură montaj | 1937 module | 989.0 kWp (C4+C6)
B4: Poziționare: Cel mai rapid montaj (ClickFit EVO)
B5: Prețuri ESTIMATIVE (fără TVA) — de confirmat prin ofertă fermă.
B7: Nr. | C7: Componentă / poziție | D7: UM | E7: Cantitate | F7: Preț unitar est. € | G7: Valoare €
B8: 1 | C8: Șină de montaj, aluminiu anodizat | D8: m | E8: ='Ipoteze & Necesar'!$E$16 | F8: 5 | G8: =E8*F8
B9: 2 | C9: Îmbinare (eclisă) șină | D9: buc | E9: ='Ipoteze & Necesar'!$E$17 | F9: 3.5 | G9: =E9*F9
B10: 3 | C10: Clemă intermediară (mid clamp) | D10: buc | E10: ='Ipoteze & Necesar'!$E$18 | F10: 2 | G10: =E10*F10
B11: 4 | C11: Clemă de capăt (end clamp) | D11: buc | E11: ='Ipoteze & Necesar'!$E$19 | F11: 2.5 | G11: =E11*F11
B12: 5 | C12: Prezon fibrociment cu etanșare EPDM (hala C4: D66+H48, 1010 mod.) | D12: buc | E12: ='Ipoteze & Necesar'!$E$20 | F12: 5.5 | G12: =E12*F12
B13: 6 | C13: Ancoră în beton + bază etanșată pe membrană (hala C6: H48+H54, 927 mod.) | D13: buc | E13: ='Ipoteze & Necesar'!$E$21 | F13: 7 | G13: =E13*F13
B14: 7 | C14: Set șuruburi/piulițe T + accesorii inox A2/A4 | D14: set/modul | E14: ='Ipoteze & Necesar'!$E$22 | F14: 1.5 | G14: =E14*F14
B15: 8 | C15: Set împământare / legături echipotențiale | D15: lot | E15: ='Ipoteze & Necesar'!$E$23 | F15: 2000 | G15: =E15*F15
B16: 9 | C16: Transport la amplasament (Albești, Mureș) | D16: lot | E16: ='Ipoteze & Necesar'!$E$24 | F16: 2500 | G16: =E16*F16
C17: TOTAL ESTIMATIV (fără TVA) | G17: =SUM(G8:G16)
C19: €/modul: | G19: =G17/1937
C20: €/Wp: | G20: =G17/989020

Sheet 6.Aerocompact
B2: Aerocompact (AT)
B3: Estimare structură montaj | 1937 module | 989.0 kWp (C4+C6)
B4: Poziționare: Competitiv; bun pt. zăpadă/vânt
B5: Prețuri ESTIMATIVE (fără TVA) — de confirmat prin ofertă fermă.
B7: Nr. | C7: Componentă / poziție | D7: UM | E7: Cantitate | F7: Preț unitar est. € | G7: Valoare €
B8: 1 | C8: Șină de montaj, aluminiu anodizat | D8: m | E8: ='Ipoteze & Necesar'!$E$16 | F8: 4.75 | G8: =E8*F8
B9: 2 | C9: Îmbinare (eclisă) șină | D9: buc | E9: ='Ipoteze & Necesar'!$E$17 | F9: 3.32 | G9: =E9*F9
B10: 3 | C10: Clemă intermediară (mid clamp) | D10: buc | E10: ='Ipoteze & Necesar'!$E$18 | F10: 1.9 | G10: =E10*F10
B11: 4 | C11: Clemă de capăt (end clamp) | D11: buc | E11: ='Ipoteze & Necesar'!$E$19 | F11: 2.38 | G11: =E11*F11
B12: 5 | C12: Prezon fibrociment cu etanșare EPDM (hala C4: D66+H48, 1010 mod.) | D12: buc | E12: ='Ipoteze & Necesar'!$E$20 | F12: 5.22 | G12: =E12*F12
B13: 6 | C13: Ancoră în beton + bază etanșată pe membrană (hala C6: H48+H54, 927 mod.) | D13: buc | E13: ='Ipoteze & Necesar'!$E$21 | F13: 6.65 | G13: =E13*F13
B14: 7 | C14: Set șuruburi/piulițe T + accesorii inox A2/A4 | D14: set/modul | E14: ='Ipoteze & Necesar'!$E$22 | F14: 1.42 | G14: =E14*F14
B15: 8 | C15: Set împământare / legături echipotențiale | D15: lot | E15: ='Ipoteze & Necesar'!$E$23 | F15: 2000 | G15: =E15*F15
B16: 9 | C16: Transport la amplasament (Albești, Mureș) | D16: lot | E16: ='Ipoteze & Necesar'!$E$24 | F16: 2500 | G16: =E16*F16
C17: TOTAL ESTIMATIV (fără TVA) | G17: =SUM(G8:G16)
C19: €/modul: | G19: =G17/1937
C20: €/Wp: | G20: =G17/989020

Sheet 7.MountingSystems
B2: Mounting Systems (DE)
B3: Estimare structură montaj | 1937 module | 989.0 kWp (C4+C6)
B4: Poziționare: Solid, gamă completă
B5: Prețuri ESTIMATIVE (fără TVA) — de confirmat prin ofertă fermă.
B7: Nr. | C7: Componentă / poziție | D7: UM | E7: Cantitate | F7: Preț unitar est. € | G7: Valoare €
B8: 1 | C8: Șină de montaj, aluminiu anodizat | D8: m | E8: ='Ipoteze & Necesar'!$E$16 | F8: 5 | G8: =E8*F8
B9: 2 | C9: Îmbinare (eclisă) șină | D9: buc | E9: ='Ipoteze & Necesar'!$E$17 | F9: 3.5 | G9: =E9*F9
B10: 3 | C10: Clemă intermediară (mid clamp) | D10: buc | E10: ='Ipoteze & Necesar'!$E$18 | F10: 2 | G10: =E10*F10
B11: 4 | C11: Clemă de capăt (end clamp) | D11: buc | E11: ='Ipoteze & Necesar'!$E$19 | F11: 2.5 | G11: =E11*F11
B12: 5 | C12: Prezon fibrociment cu etanșare EPDM (hala C4: D66+H48, 1010 mod.) | D12: buc | E12: ='Ipoteze & Necesar'!$E$20 | F12: 5.5 | G12: =E12*F12
B13: 6 | C13: Ancoră în beton + bază etanșată pe membrană (hala C6: H48+H54, 927 mod.) | D13: buc | E13: ='Ipoteze & Necesar'!$E$21 | F13: 7 | G13: =E13*F13
B14: 7 | C14: Set șuruburi/piulițe T + accesorii inox A2/A4 | D14: set/modul | E14: ='Ipoteze & Necesar'!$E$22 | F14: 1.5 | G14: =E14*F14
B15: 8 | C15: Set împământare / legături echipotențiale | D15: lot | E15: ='Ipoteze & Necesar'!$E$23 | F15: 2000 | G15: =E15*F15
B16: 9 | C16: Transport la amplasament (Albești, Mureș) | D16: lot | E16: ='Ipoteze & Necesar'!$E$24 | F16: 2500 | G16: =E16*F16
C17: TOTAL ESTIMATIV (fără TVA) | G17: =SUM(G8:G16)
C19: €/modul: | G19: =G17/1937
C20: €/Wp: | G20: =G17/989020

Sheet 8.Alumero
B2: Alumero (AT)
B3: Estimare structură montaj | 1937 module | 989.0 kWp (C4+C6)
B4: Poziționare: Economic, componente puține
B5: Prețuri ESTIMATIVE (fără TVA) — de confirmat prin ofertă fermă.
B7: Nr. | C7: Componentă / poziție | D7: UM | E7: Cantitate | F7: Preț unitar est. € | G7: Valoare €
B8: 1 | C8: Șină de montaj, aluminiu anodizat | D8: m | E8: ='Ipoteze & Necesar'!$E$16 | F8: 4.5 | G8: =E8*F8
B9: 2 | C9: Îmbinare (eclisă) șină | D9: buc | E9: ='Ipoteze & Necesar'!$E$17 | F9: 3.15 | G9: =E9*F9
B10: 3 | C10: Clemă intermediară (mid clamp) | D10: buc | E10: ='Ipoteze & Necesar'!$E$18 | F10: 1.8 | G10: =E10*F10
B11: 4 | C11: Clemă de capăt (end clamp) | D11: buc | E11: ='Ipoteze & Necesar'!$E$19 | F11: 2.25 | G11: =E11*F11
B12: 5 | C12: Prezon fibrociment cu etanșare EPDM (hala C4: D66+H48, 1010 mod.) | D12: buc | E12: ='Ipoteze & Necesar'!$E$20 | F12: 4.95 | G12: =E12*F12
B13: 6 | C13: Ancoră în beton + bază etanșată pe membrană (hala C6: H48+H54, 927 mod.) | D13: buc | E13: ='Ipoteze & Necesar'!$E$21 | F13: 6.3 | G13: =E13*F13
B14: 7 | C14: Set șuruburi/piulițe T + accesorii inox A2/A4 | D14: set/modul | E14: ='Ipoteze & Necesar'!$E$22 | F14: 1.35 | G14: =E14*F14
B15: 8 | C15: Set împământare / legături echipotențiale | D15: lot | E15: ='Ipoteze & Necesar'!$E$23 | F15: 2000 | G15: =E15*F15
B16: 9 | C16: Transport la amplasament (Albești, Mureș) | D16: lot | E16: ='Ipoteze & Necesar'!$E$24 | F16: 2500 | G16: =E16*F16
C17: TOTAL ESTIMATIV (fără TVA) | G17: =SUM(G8:G16)
C19: €/modul: | G19: =G17/1937
C20: €/Wp: | G20: =G17/989020

Sheet 9.Novotegra
B2: novotegra / BayWa r.e. (DE)
B3: Estimare structură montaj | 1937 module | 989.0 kWp (C4+C6)
B4: Poziționare: Calitate DE, prin BayWa r.e.
B5: Prețuri ESTIMATIVE (fără TVA) — de confirmat prin ofertă fermă.
B7: Nr. | C7: Componentă / poziție | D7: UM | E7: Cantitate | F7: Preț unitar est. € | G7: Valoare €
B8: 1 | C8: Șină de montaj, aluminiu anodizat | D8: m | E8: ='Ipoteze & Necesar'!$E$16 | F8: 5.25 | G8: =E8*F8
B9: 2 | C9: Îmbinare (eclisă) șină | D9: buc | E9: ='Ipoteze & Necesar'!$E$17 | F9: 3.68 | G9: =E9*F9
B10: 3 | C10: Clemă intermediară (mid clamp) | D10: buc | E10: ='Ipoteze & Necesar'!$E$18 | F10: 2.1 | G10: =E10*F10
B11: 4 | C11: Clemă de capăt (end clamp) | D11: buc | E11: ='Ipoteze & Necesar'!$E$19 | F11: 2.62 | G11: =E11*F11
B12: 5 | C12: Prezon fibrociment cu etanșare EPDM (hala C4: D66+H48, 1010 mod.) | D12: buc | E12: ='Ipoteze & Necesar'!$E$20 | F12: 5.78 | G12: =E12*F12
B13: 6 | C13: Ancoră în beton + bază etanșată pe membrană (hala C6: H48+H54, 927 mod.) | D13: buc | E13: ='Ipoteze & Necesar'!$E$21 | F13: 7.35 | G13: =E13*F13
B14: 7 | C14: Set șuruburi/piulițe T + accesorii inox A2/A4 | D14: set/modul | E14: ='Ipoteze & Necesar'!$E$22 | F14: 1.58 | G14: =E14*F14
B15: 8 | C15: Set împământare / legături echipotențiale | D15: lot | E15: ='Ipoteze & Necesar'!$E$23 | F15: 2000 | G15: =E15*F15
B16: 9 | C16: Transport la amplasament (Albești, Mureș) | D16: lot | E16: ='Ipoteze & Necesar'!$E$24 | F16: 2500 | G16: =E16*F16
C17: TOTAL ESTIMATIV (fără TVA) | G17: =SUM(G8:G16)
C19: €/modul: | G19: =G17/1937
C20: €/Wp: | G20: =G17/989020

Sheet 10.Sunfer
B2: Sunfer (ES)
B3: Estimare structură montaj | 1937 module | 989.0 kWp (C4+C6)
B4: Poziționare: Cel mai economic; 100% fabricat UE
B5: Prețuri ESTIMATIVE (fără TVA) — de confirmat prin ofertă fermă.
B7: Nr. | C7: Componentă / poziție | D7: UM | E7: Cantitate | F7: Preț unitar est. € | G7: Valoare €
B8: 1 | C8: Șină de montaj, aluminiu anodizat | D8: m | E8: ='Ipoteze & Necesar'!$E$16 | F8: 4.1 | G8: =E8*F8
B9: 2 | C9: Îmbinare (eclisă) șină | D9: buc | E9: ='Ipoteze & Necesar'!$E$17 | F9: 2.87 | G9: =E9*F9
B10: 3 | C10: Clemă intermediară (mid clamp) | D10: buc | E10: ='Ipoteze & Necesar'!$E$18 | F10: 1.64 | G10: =E10*F10
B11: 4 | C11: Clemă de capăt (end clamp) | D11: buc | E11: ='Ipoteze & Necesar'!$E$19 | F11: 2.05 | G11: =E11*F11
B12: 5 | C12: Prezon fibrociment cu etanșare EPDM (hala C4: D66+H48, 1010 mod.) | D12: buc | E12: ='Ipoteze & Necesar'!$E$20 | F12: 4.51 | G12: =E12*F12
B13: 6 | C13: Ancoră în beton + bază etanșată pe membrană (hala C6: H48+H54, 927 mod.) | D13: buc | E13: ='Ipoteze & Necesar'!$E$21 | F13: 5.74 | G13: =E13*F13
B14: 7 | C14: Set șuruburi/piulițe T + accesorii inox A2/A4 | D14: set/modul | E14: ='Ipoteze & Necesar'!$E$22 | F14: 1.23 | G14: =E14*F14
B15: 8 | C15: Set împământare / legături echipotențiale | D15: lot | E15: ='Ipoteze & Necesar'!$E$23 | F15: 2000 | G15: =E15*F15
B16: 9 | C16: Transport la amplasament (Albești, Mureș) | D16: lot | E16: ='Ipoteze & Necesar'!$E$24 | F16: 2500 | G16: =E16*F16
C17: TOTAL ESTIMATIV (fără TVA) | G17: =SUM(G8:G16)
C19: €/modul: | G19: =G17/1937
C20: €/Wp: | G20: =G17/989020

Sheet Comparativ
B2: COMPARATIV & RECOMANDARE — structură montaj (estimativ, fără TVA)
B3: Ordonat după scorul de recomandare = 40% preț/Wp + 35% calitate + 25% ușor de montat | 1937 module, 989.0 kWp
B5: Rang | C5: Producător | D5: Total est. € | E5: €/Wp | F5: Preț /5 | G5: Calitate /5 | H5: Ușor montat /5 | I5: SCOR recom. /5 | J5: Poziționare
B6: 1 | C6: Sunfer (ES) | D6: ='10.Sunfer'!G17 | E6: ='10.Sunfer'!G17/989020 | F6: 5 | G6: 4 | H6: 4 | I6: 4.4 | J6: Cel mai economic; 100% fabricat UE
B7: 2 | C7: Renusol (DE) | D7: ='3.Renusol'!G17 | E7: ='3.Renusol'!G17/989020 | F7: 4.09 | G7: 4.5 | H7: 4.5 | I7: 4.34 | J7: Raport calitate/preț foarte bun
B8: 3 | C8: Aerocompact (AT) | D8: ='6.Aerocompact'!G17 | E8: ='6.Aerocompact'!G17/989020 | F8: 3.82 | G8: 4.5 | H8: 4.5 | I8: 4.23 | J8: Competitiv; bun pt. zăpadă/vânt
B9: 4 | C9: Alumero (AT) | D9: ='8.Alumero'!G17 | E9: ='8.Alumero'!G17/989020 | F9: 4.27 | G9: 4 | H9: 4.5 | I9: 4.23 | J9: Economic, componente puține
B10: 5 | C10: Esdec/Enstall (NL) | D10: ='5.Esdec'!G17 | E10: ='5.Esdec'!G17/989020 | F10: 3.36 | G10: 4 | H10: 5 | I10: 3.99 | J10: Cel mai rapid montaj (ClickFit EVO)
B11: 6 | C11: Van der Valk (NL) | D11: ='4.VanderValk'!G17 | E11: ='4.VanderValk'!G17/989020 | F11: 3.18 | G11: 4.5 | H11: 4.5 | I11: 3.97 | J11: Foarte bun, mai rar în RO
B12: 7 | C12: K2 Systems (DE) | D12: ='1.K2Systems'!G17 | E12: ='1.K2Systems'!G17/989020 | F12: 2.64 | G12: 5 | H12: 4.5 | I12: 3.93 | J12: Premium; cea mai bună investiție pe termen lung
B13: 8 | C13: Mounting Systems (DE) | D13: ='7.MountingSystems'!G17 | E13: ='7.MountingSystems'!G17/989020 | F13: 3.36 | G13: 4 | H13: 4 | I13: 3.74 | J13: Solid, gamă completă
B14: 9 | C14: novotegra / BayWa r.e. (DE) | D14: ='9.Novotegra'!G17 | E14: ='9.Novotegra'!G17/989020 | F14: 2.91 | G14: 4.5 | H14: 4 | I14: 3.74 | J14: Calitate DE, prin BayWa r.e.
B15: 10 | C15: Schletter (DE) | D15: ='2.Schletter'!G17 | E15: ='2.Schletter'!G17/989020 | F15: 2 | G15: 5 | H15: 4 | I15: 3.55 | J15: Cel mai robust; premium
C17: Metodologie scor: Preț/5 = normalizat (cel mai mic €/Wp = 5). Ponderi: preț 40% · calitate 35% · montaj 25%.
C18: Rândul 1 (auriu) = recomandarea de top pe echilibru. Notă: pt. prioritate CALITATE/durabilitate 30+ ani, K2 și Schletter urcă în top.
C19: Prețuri estimative — de confirmat prin ofertele reale.

Sheet Stoc panouri
B2: STOC PANOURI — ce avem / ce folosim / ce rămâne
B3: Utilizare conform planului de montaj C4 + C6 (1937 module · 989 kWp · ≤ 1 MW)
B5: Model | C5: Putere (W) | D5: Stoc actual (buc) | E5: Utilizat (buc) | F5: Rămân (buc) | G5: kWp utilizați | H5: Unde se montează
B6: STP450S-H48-Nth+ | C6: 450 | D6: 2556 | E6: 1236 | F6: =D6-E6 | G6: =E6*C6/1000 | H6: C4-Nord (618) + C6-Sud (618)
B7: STP500S-H54-Nfb+ | C7: 500 | D7: 1728 | E7: 309 | F7: =D7-E7 | G7: =E7*C7/1000 | H7: C6-Nord parțial (309 din 515)
B8: STP450S-H48-Nkh+ („H45”) | C8: 450 | D8: 549 | E8: 0 | F8: =D8-E8 | G8: =E8*C8/1000 | H8: rezervă (nu umple o față de 618)
B9: STP710S-D66-Nsh+ | C9: 710 | D9: 594 | E9: 392 | F9: =D9-E9 | G9: =E9*C9/1000 | H9: C4-Sud (392)
B10: TOTAL | D10: =SUM(D6:D9) | E10: =SUM(E6:E9) | F10: =SUM(F6:F9) | G10: =SUM(G6:G9)
B12: Rămân ~3490 panouri (~1,7 MW) — pentru halele mici (2×35×20 + 20×20) sau rezervă/înlocuiri.
B13: H48 luat integral din Nth+; Nkh+ rămâne rezervă (nu umple singur o față). Un tip per față = string-uri uniforme.
